{"cameraMode":{"drawMode":0,"name":"Shaded","section":"Shading Mode"},"sceneLighting":true,"audioPlay":false,"sceneViewState":{"m_AlwaysRefresh":false,"showFog":true,"showSkybox":true,"showFlares":true,"showImageEffects":true,"showParticleSystems":true,"showVisualEffectGraphs":true,"m_FxEnabled":true},"in2DMode":false,"pivot":{"x":4.813071250915527,"y":2.6917803287506105,"z":24.423925399780275},"rotation":{"x":-0.0032034539617598058,"y":0.9889606237411499,"z":-0.14674797654151917,"w":-0.02196458727121353},"size":25.265810012817384,"orthographic":true}